frequency_mhz,capacitor_code,gain_index,approx_full_width_mhz,iq_rms,clipping_fraction
2300,0,84,23.73,39.54,0.0
2300,4,84,22.49,38.34,0.0
2300,8,84,21.07,38.27,0.0
2300,12,84,20.04,36.09,0.0
2300,16,84,18.55,36.59,0.0
2300,24,84,16.43,33.05,0.0
2300,32,84,14.87,33.94,0.0
2300,40,84,13.4,37.08,0.0
2300,48,84,12.44,33.36,0.0
2300,56,84,11.21,31.0,0.0
2300,60,84,10.89,31.13,0.0
2300,63,84,10.67,31.15,0.0
5500,0,83,22.45,38.51,0.0
5500,4,83,21.95,37.75,0.0
5500,8,83,20.57,36.53,0.0
5500,12,83,19.4,35.11,0.0
5500,16,83,18.35,34.51,0.0
5500,24,83,16.39,34.06,0.0
5500,32,83,14.55,32.48,0.0
5500,40,83,13.37,31.2,0.0
5500,48,83,12.29,28.65,0.0
5500,56,83,11.28,28.23,0.0
5500,60,83,10.86,28.39,0.0
5500,63,83,10.6,27.07,0.0
